id;content;created_at;updated_at
1;Senior Granite primary;2022-08-23T04:12:52;2022-08-23T03:17:58
2;District payment;2022-08-23T03:15:48;2022-08-22T15:37:52
3;portals Plastic Practical;2022-08-23T09:34:27;2022-08-22T18:19:05
4;mesh Directives;2022-08-22T17:08:55;2022-08-23T14:25:12
5;Estate multi-byte;2022-08-23T05:31:03;2022-08-22T22:02:37
6;Liaison;2022-08-22T16:55:48;2022-08-22T14:36:32
7;Berkshire parsing Tennessee;2022-08-23T02:21:43;2022-08-22T16:01:40
8;Handmade AGP Producer;2022-08-22T22:05:32;2022-08-22T19:36:36
9;back-end synthesize;2022-08-22T19:27:27;2022-08-23T02:38:42
10;Movies Adaptive bus;2022-08-23T02:39:54;2022-08-22T16:14:40
